cpId,bloque,escenario,titulo,prioridad,tipo,estatus,ejecutadoPor
E0-LOGIN-ADMIN-01,BD1,Validar que sistema permita autenticarse con el rol de usuario correspondiente,Validar que el rol adminsitrador tiene acceso al sistema,Medio,Automatizada,Passed,Angel Farro
E0-LOGIN-ADMIN-02,BD1,Validar que el sistema restrinja la modificación de archivos a un rol en particular,Validar que el rol adminsitrador puede visualizar y modificar los archivos comunes,Medio,Manual,Passed,Yaimara Guerra Tamayo
E40-DIS-01,BD1,Validar que el sistema pueda crear una nueva distribución,Validar el correcto funcionamiento de crear una nueva distribucion,Alta,Manual,Passed,Yaimara Guerra Tamayo
E40-DIS-02,BD1,Validar las reglas de negocio al crear una nueva distribución,Validar que no se pueda crear una nueva distribucion porque no cumplen con las reglas definidas de negocio ,Medio,Manual,Passed,Yaimara Guerra Tamayo
E40-DIS-03,BD1,Validar el formato de los campos del formulario al crear una nueva distribución,Validar que no se pueda crear una nueva distribucion por error de formato de los campos,Medio,Manual,Passed,Yaimara Guerra Tamayo
E41-DIS-01,BD1,Validar que el sistema permita visualizar una distribución desde el menu de acciones,Validar que se pueda visualizar una nueva distribución desde el menu de acciones,Medio,Manual,Passed,Yaneisy
E58-C-01.1,BD1,Validar que no se cargue el archivo sin que su antecesor ya se encuentre cargado en el flujo de comunes,Carga de un archivo en la opción/funcionalidad Grupo Producto sin que su antecesor ya se encuentre cargado en el flujo de comunes,Medio,Manual,N/A,Yaimara Guerra Tamayo
E58-C-01.2,BD1,Validar que no se cargue el archivo sin que su antecesor ya se encuentre cargado en el flujo de comunes,Carga de un archivo en la opción/funcionalidad Canales sin que su antecesor ya se encuentre cargado en el flujo de comunes,Medio,Manual,N/A,Yaimara Guerra Tamayo
E58-C-01.3,BD1,Validar que no se cargue el archivo sin que su antecesor ya se encuentre cargado en el flujo de comunes,Carga de un archivo en la opción/funcionalidad Subcanales sin que su antecesor ya se encuentre cargado en el flujo de comunes,Medio,Manual,N/A,Yaimara Guerra Tamayo
E58-C-01.4,BD1,Validar que no se cargue el archivo sin que su antecesor ya se encuentre cargado en el flujo de comunes,Carga de un archivo en la opción/funcionalidad Maestro UoA sin que su antecesor ya se encuentre cargado en el flujo de comunes,Medio,Manual,N/A,Yaimara Guerra Tamayo
E58-C-01.5,BD1,Validar que no se cargue el archivo sin que su antecesor ya se encuentre cargado en el flujo de comunes,Traer el archivo Unidades de Cuenta - BBA/VFA sin que su antecesor ya se encuentre cargado en el flujo de comunes,Medio,Manual,N/A,Yaimara Guerra Tamayo
E59-C-01.1,BD1,Validar la funcionalidad de sobreescritura de datos mediante la carga de archivo en el flujo de comunes,Carga de el archivo Líneas para el mismo periodo que ya contiene información definido en el proceso Comunes,Medio,Manual,Passed,Yaneisy
E59-C-01.2,BD1,Validar la funcionalidad de sobreescritura de datos mediante la carga de archivo en el flujo de comunes,Carga de el archivo Grupo Producto para el mismo periodo que ya contiene información definido en el proceso Comunes,Medio,Manual,Passed,Yaneisy
E59-C-01.3,BD1,Validar la funcionalidad de sobreescritura de datos mediante la carga de archivo en el flujo de comunes,Carga de el archivo Canales para el mismo periodo que ya contiene información definido en el proceso Comunes,Medio,Manual,Passed,Yaneisy
E59-C-01.4,BD1,Validar la funcionalidad de sobreescritura de datos mediante la carga de archivo en el flujo de comunes,Carga de el archivo Subcanales para el mismo periodo que ya contiene información definido en el proceso Comunes,Medio,Manual,Passed,Yaneisy
E59-C-01.5,BD1,Validar la funcionalidad de sobreescritura de datos mediante la carga de archivo en el flujo de comunes,Carga de el archivo Maestro UoA para el mismo periodo que ya contiene información definido en el proceso Comunes,Medio,Manual,Passed,Angel Farro
E59-C-01.6,BD1,Validar la funcionalidad de sobreescritura de datos mediante la carga de archivo en el flujo de comunes,Carga de el archivo Configuración de Parches para el mismo periodo que ya contiene información definido en el proceso Comunes,Medio,Manual,Failed,Esteban
E4-C-01.1,BD1,Validación de la carga de los archivos Comunes en formato permitido ,Carga del archivo Líneas definido en el proceso Comunes,Alta,Automatizada,Passed,Angel Farro
E4-C-01.1.1,BD1,Validación de la carga de los archivos Comunes en formato permitido ,Fucionalidad boton subir nuevo archivo Líneas definido en el proceso Comunes,Alta,Manual,Blocked,Carolina Correa
E4-C-01.2,BD1,Validación de la carga de los archivos Comunes en formato permitido ,Carga del archivo Grupo Producto definido en el proceso Comunes,Alta,Automatizada,Passed,Angel Farro
E4-C-01.2.1,BD1,Validación de la carga de los archivos Comunes en formato permitido ,Fucionalidad boton subir nuevo  archivo Grupo Producto definido en el proceso Comunes,Alta,Manual,Failed,Carolina Correa
E4-C-01.3,BD1,Validación de la carga de los archivos Comunes en formato permitido ,Carga del archivo Canales definido en el proceso Comunes,Alta,Automatizada,Passed,Angel Farro
E4-C-01.3.1,BD1,Validación de la carga de los archivos Comunes en formato permitido ,Fucionalidad boton subir nuevo archivo Canales definido en el proceso Comunes,Alta,Manual,Passed,Carolina Correa
E4-C-01.4,BD1,Validación de la carga de los archivos Comunes en formato permitido ,Carga del archivo Subcanales definido en el proceso Comunes,Alta,Automatizada,Passed,Angel Farro
E4-C-01.4.1,BD1,Validación de la carga de los archivos Comunes en formato permitido ,Fucionalidad boton subir nuevo archivo archivo Subcanales definido en el proceso Comunes,Alta,Manual,Failed,Carolina Correa
E4-C-01.5,BD1,Validación de la carga de los archivos Comunes en formato permitido ,Carga del archivo Maestro UoA definido en el proceso Comunes,Alta,Automatizada,Passed,Angel Farro
E4-C-01.5.1,BD1,Validación de la carga de los archivos Comunes en formato permitido ,Fucionalidad boton subir nuevo  archivo Maestro UoA definido en el proceso Comunes,Alta,Manual,Failed,Carolina Correa
E4-C-01.6,BD1,Validación de la carga de los archivos Comunes en formato permitido ,Traer archivo Unidades de Cuenta - BBA/VFA definido en el proceso Comunes,Alta,Automatizada,Passed,Angel Farro
E4-C-01.7,BD1,Validación de la carga de los archivos Comunes en formato permitido ,Carga del archivo Configuración de Parches definido en el proceso Comunes ,Medio,Manual,Passed,Carolina Correa
E4-C-01.7.1,BD1,Validación de la carga de los archivos Comunes en formato permitido ,Carga de otro archivo Configuración de Parches definido en el proceso Comunes,Medio,Manual,Failed,Carolina Correa
E5-C-01.1,BD1,Validar que no se cargue un archivo que no corresponde con la opción/funcionalidad del proceso de comunes,Carga de un archivo en la opción/funcionalidad Líneas diferente al definidos en el proceso Comunes,Medio,Manual,Passed,Caro
E5-C-01.2,BD1,Validar que no se cargue un archivo que no corresponde con la opción/funcionalidad del proceso de comunes,Carga de un archivo en la opción/funcionalidad Grupo Producto diferente al definidos en el proceso Comunes,Medio,Manual,Passed,Caro
E5-C-01.3,BD1,Validar que no se cargue un archivo que no corresponde con la opción/funcionalidad del proceso de comunes,Carga de un archivo en la opción/funcionalidad Canales diferente al definidos en el proceso Comunes,Medio,Manual,Passed,Caro
E5-C-01.4,BD1,Validar que no se cargue un archivo que no corresponde con la opción/funcionalidad del proceso de comunes,Carga de un archivo en la opción/funcionalidad Subcanales diferente al definidos en el proceso Comunes,Medio,Manual,Passed,Caro
E5-C-01.5,BD1,Validar que no se cargue un archivo que no corresponde con la opción/funcionalidad del proceso de comunes,Carga de un archivo en la opción/funcionalidad Maestro UoA diferente al definidos en el proceso Comunes,Medio,Manual,Passed,Caro
E5-C-01.6,BD1,Validar que no se cargue un archivo que no corresponde con la opción/funcionalidad del proceso de comunes,Carga de un archivo en la opción/funcionalidad Configuración de Parches diferente al definidos en el proceso Comunes,Medio,Manual,Passed,Caro
E5-C-02.1,BD1,Validar que no se cargue un archivo que no corresponde con la opción/funcionalidad del proceso de comunes,Carga de un archivo en la opción/funcionalidad Líneas diferente al definidos en el proceso Comunes,Medio,Manual,Passed,Yaneisy
E5-C-02.2,BD1,Validar que no se cargue un archivo que no corresponde con la opción/funcionalidad del proceso de comunes,Carga de un archivo en la opción/funcionalidad Grupo Producto diferente al definidos en el proceso Comunes,Medio,Manual,Passed,Yaneisy
E5-C-02.3,BD1,Validar que no se cargue un archivo que no corresponde con la opción/funcionalidad del proceso de comunes,Carga de un archivo en la opción/funcionalidad Canales diferente al definidos en el proceso Comunes,Medio,Manual,Passed,Yaneisy
E5-C-02.4,BD1,Validar que no se cargue un archivo que no corresponde con la opción/funcionalidad del proceso de comunes,Carga de un archivo en la opción/funcionalidad subCanales diferente al definidos en el proceso Comunes,Medio,Manual,Passed,Yaneisy
E5-C-02.5,BD1,Validar que no se cargue un archivo que no corresponde con la opción/funcionalidad del proceso de comunes,Carga de un archivo en la opción/funcionalidad Maestro UoA diferente al definidos en el proceso Comunes,Medio,Manual,Passed,Yaneisy
E5-C-02.6,BD1,Validar que no se cargue un archivo que no corresponde con la opción/funcionalidad del proceso de comunes,Carga de un archivo en la opción/funcionalidad Configuración de Parches diferente al definidos en el proceso Comunes,Medio,Manual,Passed,Yaneisy
E6-C-01.1,BD1,Validar que no se cargue un archivo sin datos en el flujo de Comunes,Carga del archivo Líneas con la estructura definida y sin datos en el proceso de Comunes,Medio,Manual,Passed,Yaneisy
E6-C-01.2,BD1,Validar que no se cargue un archivo sin datos en el flujo de Comunes,Carga del archivo Grupo Productos con la estructura definida y sin datos en el proceso de Comunes,Medio,Manual,Passed,Yaneisy
E6-C-01.3,BD1,Validar que no se cargue un archivo sin datos en el flujo de Comunes,Carga del archivo Canales con la estructura definida y sin datos en el proceso de Comunes,Medio,Manual,Passed,Yaneisy
E6-C-01.4,BD1,Validar que no se cargue un archivo sin datos en el flujo de Comunes,Carga del archivo Subcanales con la estructura definida y sin datos en el proceso de Comunes,Medio,Manual,Passed,Yaneisy
E6-C-01.5,BD1,Validar que no se cargue un archivo sin datos en el flujo de Comunes,Carga del archivo Maestro UoA con la estructura definida y sin datos en el proceso de Comunes,Medio,Manual,Passed,Yaneisy
E6-C-01.6,BD1,Validar que no se cargue un archivo sin datos en el flujo de Comunes,Traer archivo Unidades de Cuenta - BBA/VFA definido en el proceso Comunes y sin datos en el proceso de Comunes,Medio,Manual,Passed,Angel
E6-C-01.7,BD1,Validar que no se cargue un archivo sin datos en el flujo de Comunes,Carga del archivo Configuración de Parches con la estructura definida y sin datos en el proceso de Comunes,Medio,Manual,Passed,Yaneisy
E8-C-01.1,BD1,Validar que no se cargue un archivo con los datos incompletos en el  flujo de comunes,Validar la carga del archivo con los datos incompletos para Líneas definido en el proceso de Comunes,Medio,Manual,Passed,Angel
E8-C-01.2,BD1,Validar que no se cargue un archivo con los datos incompletos en el  flujo de comunes,Validar la carga del archivo con los datos incompletos para Grupo Producto definido en el proceso de Comunes,Medio,Manual,Passed,Angel
E8-C-01.3,BD1,Validar que no se cargue un archivo con los datos incompletos en el  flujo de comunes,Validar la carga del archivo con los datos incompletos para Canales definido en el proceso de Comunes,Medio,Manual,Passed,Angel
E8-C-01.4,BD1,Validar que no se cargue un archivo con los datos incompletos en el  flujo de comunes,Validar la carga del archivo con los datos incompletos para Subcanales definido en el proceso de Comunes,Medio,Manual,Passed,Angel
E8-C-01.5,BD1,Validar que no se cargue un archivo con los datos incompletos en el  flujo de comunes,Validar la carga del archivo con los datos incompletos para Maestro UOA definido en el proceso de Comunes,Medio,Manual,Passed,Angel
E8-C-01.6,BD1,Validar que no se cargue un archivo con los datos incompletos en el  flujo de comunes,Validar la carga del archivo con los datos incompletos para Configuración de Parches definido en el proceso de Comunes,Medio,Manual,Failed,Angel Farro
E61-C-01.1,BD1,Validar  que no se cargue un archivo de más de 30 Mb en el flujo de Comunes,Validar la carga del archivo de más de 30 mb de peso para Líneas definido en el proceso Comunes,Baja,Manual,Passed,Yaneisy
E61-C-01.2,BD1,Validar  que no se cargue un archivo de más de 30 Mb en el flujo de Comunes,Validar la carga del archivo de mas de 30 mb de peso para Líneas definido en el proceso Comunes,Baja,Manual,To Do,Yaneisy
E61-C-01.3,BD1,Validar  que no se cargue un archivo de más de 30 Mb en el flujo de Comunes,Validar la carga del archivo de mas de 30 mb de peso para Líneas definido en el proceso Comunes,Baja,Manual,To Do,Yaneisy
E61-C-01.4,BD1,Validar  que no se cargue un archivo de más de 30 Mb en el flujo de Comunes,Validar la carga del archivo de mas de 30 mb de peso para Líneas definido en el proceso Comunes,Baja,Manual,To Do,Yaneisy
E61-C-01.5,BD1,Validar  que no se cargue un archivo de más de 30 Mb en el flujo de Comunes,Validar la carga del archivo de mas de 30 mb de peso para Líneas definido en el proceso Comunes,Baja,Manual,To Do,Yaneisy
E61-C-01.6,BD1,Validar  que no se cargue un archivo de más de 30 Mb en el flujo de Comunes,Validar la carga del archivo de mas de 30 mb de peso para Líneas definido en el proceso Comunes,Baja,Manual,To Do,Yaneisy
E61-C-01.2,BD1,Validar  que no se cargue un archivo de más de 30 Mb en el flujo de Comunes,Validar la carga del archivo de más de 30 mb de peso para Grupo Producto definido en el proceso Comunes,Baja,Manual,Passed,Yaneisy
E61-C-01.3,BD1,Validar  que no se cargue un archivo de más de 30 Mb en el flujo de Comunes,Validar la carga del archivo de más de 30 mb de peso para Canales definido en el proceso Comunes,Baja,Manual,Passed,Yaneisy
E61-C-01.4,BD1,Validar  que no se cargue un archivo de más de 30 Mb en el flujo de Comunes,Validar la carga del archivo de más de 30 mb de peso para Subcanales definido en el proceso Comunes,Baja,Manual,Passed,Yaneisy
E61-C-01.5,BD1,Validar  que no se cargue un archivo de más de 30 Mb en el flujo de Comunes,Validar la carga del archivo de más de 30 mb de peso para Maestro UoA definido en el proceso Comunes,Baja,Manual,Passed,Yaneisy
E61-C-01.6,BD1,Validar  que no se cargue un archivo de más de 30 Mb en el flujo de Comunes,Validar la carga del archivo de más de 30 mb de peso para Configuración de Parches definido en el proceso Comunes,Baja,Manual,Passed,Yaneisy
E9-C-01.1,BD1,Validar que se muestren en el FronEnd los datos de los archivos cargados en el  flujo de comunes,Validar que se muestren en el FronEnd los datos de archivo Líneas del proceso de Comunes,Medio,Automatizada,Passed,Angel Farro
E9-C-01.2,BD1,Validar que se muestren en el FronEnd los datos de los archivos cargados en el  flujo de comunes,Validar que se muestren en el FronEnd los datos de archivo Grupo Producto del proceso de Comunes,Medio,Automatizada,Passed,Angel Farro
E9-C-01.3,BD1,Validar que se muestren en el FronEnd los datos de los archivos cargados en el  flujo de comunes,Validar que se muestren en el FronEnd los datos de archivo Canales del proceso de Comunes,Medio,Automatizada,Passed,Angel Farro
E9-C-01.4,BD1,Validar que se muestren en el FronEnd los datos de los archivos cargados en el  flujo de comunes,Validar que se muestren en el FronEnd los datos de archivo Subcanales del proceso de Comunes,Medio,Automatizada,Passed,Angel Farro
E9-C-01.5,BD1,Validar que se muestren en el FronEnd los datos de los archivos cargados en el  flujo de comunes,Validar que se muestren en el FronEnd los datos de archivo Maestro UoA del proceso de Comunes,Medio,Automatizada,Passed,Angel Farro
E9-C-01.6,BD1,Validar que se muestren en el FronEnd los datos de los archivos cargados en el  flujo de comunes,Validar que se muestren en el FronEnd los datos de archivo Unidades de Cuenta - BBA/VFA del proceso de Comunes,Medio,Automatizada,Passed,Angel Farro
E9-C-01.7,BD1,Validar que se muestren en el FronEnd los datos de los archivos cargados en el  flujo de comunes,Validar que se muestren en el FronEnd los datos de archivo Configuración de Parches del proceso de Comunes,Medio,Automatizada,Failed,Angel
E10-C-01.1,BD1,Validar la correcta ejecución del flujo de descargas de los archivos cargados en el  proceso de Comunes,Validar la correcta ejecución del flujo de descargas del archivo Líneas del proceso de Comunes,Baja,Automatizada,Failed,Angel Farro
E10-C-01.2,BD1,Validar la correcta ejecución del flujo de descargas de los archivos cargados en el  proceso de Comunes,Validar la correcta ejecución del flujo de descargas del archivo Grupo Producto del proceso de Comunes,Baja,Automatizada,Passed,Angel Farro
E10-C-01.3,BD1,Validar la correcta ejecución del flujo de descargas de los archivos cargados en el  proceso de Comunes,Validar la correcta ejecución del flujo de descargas del archivo Canales del proceso de Comunes,Baja,Automatizada,Passed,Angel Farro
E10-C-01.4,BD1,Validar la correcta ejecución del flujo de descargas de los archivos cargados en el  proceso de Comunes,Validar la correcta ejecución del flujo de descargas del archivo Subcanales del proceso de Comunes,Baja,Automatizada,Passed,Angel Farro
E10-C-01.5,BD1,Validar la correcta ejecución del flujo de descargas de los archivos cargados en el  proceso de Comunes,Validar la correcta ejecución del flujo de descargas del archivo Maestro UoA del proceso de Comunes,Baja,Automatizada,Passed,Angel Farro
E10-C-01.6,BD1,Validar la correcta ejecución del flujo de descargas de los archivos cargados en el  proceso de Comunes,Validar la correcta ejecución del flujo de descargas del archivo Unidades de Cuenta - BBA/VFA del proceso de Comunes,Baja,Automatizada,Passed,Angel Farro
E10-C-01.7,BD1,Validar la correcta ejecución del flujo de descargas de los archivos cargados en el  proceso de Comunes,Validar la correcta ejecución del flujo de descargas del archivo Configuración de Parches del proceso de Comunes,Baja,Automatizada,Passed,Angel Farro
E11-C-01.1,BD1,Validar que el archivo descargado muestre los datos correctamente y no tenga perdida de información en el  flujo de comunes ,Validar alteración en el archivo descargado Líneas del proceso de Comunes,Medio,Manual,Passed,Yaimara Guerra
E11-C-01.2,BD1,Validar que el archivo descargado muestre los datos correctamente y no tenga perdida de información en el  flujo de comunes ,Validar alteración en el archivo descargado Grupo Producto del proceso de Comunes,Medio,Manual,Passed,Yaimara Guerra
E11-C-01.3,BD1,Validar que el archivo descargado muestre los datos correctamente y no tenga perdida de información en el  flujo de comunes ,Validar alteración en el archivo descargado Canales del proceso de Comunes,Medio,Manual,Passed,Yaimara Guerra
E11-C-01.4,BD1,Validar que el archivo descargado muestre los datos correctamente y no tenga perdida de información en el  flujo de comunes ,Validar alteración en el archivo descargado Subcanales del proceso de Comunes,Medio,Manual,Passed,Yaimara Guerra
E11-C-01.5,BD1,Validar que el archivo descargado muestre los datos correctamente y no tenga perdida de información en el  flujo de comunes ,Validar alteración en el archivo descargado Maestro UoA del proceso de Comunes,Medio,Manual,Passed,Yaimara Guerra
E11-C-01.6,BD1,Validar que el archivo descargado muestre los datos correctamente y no tenga perdida de información en el  flujo de comunes ,Validar alteración en el archivo descargado Unidades de Cuenta - BBA/VFA del proceso de Comunes,Medio,Manual,Passed,Angel Farro
E11-C-01.7,BD1,Validar que el archivo descargado muestre los datos correctamente y no tenga perdida de información en el  flujo de comunes ,Validar alteración en el archivo descargado Configuración de Parches del proceso de Comunes,Medio,Manual,Passed,angel Farro
E35-C-01.1,BD1,Validar que el sistema pueda agregar un nuevo registro en el  flujo de comunes,Validar el correcto funcionamiento de agregar un nuevo registro en el  flujo de comunes de Líneas ,Alta,Automatizada,Passed,Angel Farro
E35-C-01.2,BD1,Validar que el sistema pueda agregar un nuevo registro en el  flujo de comunes,Validar el correcto funcionamiento de agregar un nuevo registro en el  flujo de comunes de Grupo Producto,Alta,Automatizada,Passed,Angel Farro
E35-C-01.3,BD1,Validar que el sistema pueda agregar un nuevo registro en el  flujo de comunes,Validar el correcto funcionamiento de agregar un nuevo registro en el  flujo de comunes de Canales,Alta,Automatizada,Passed,Angel Farro
E35-C-01.4,BD1,Validar que el sistema pueda agregar un nuevo registro en el  flujo de comunes,Validar el correcto funcionamiento de agregar un nuevo registro en el  flujo de comunes de Subcanales,Alta,Manual,Passed,Carolina
E35-C-01.5,BD1,Validar que el sistema pueda agregar un nuevo registro en el  flujo de comunes,Validar el correcto funcionamiento de agregar un nuevo registro en el  flujo de comunes de Configuración de Parches,Alta,Automatizada,Blocked,angel Farro
E35-C-02.1,BD1,Validar las reglas de negocio al agregar un registro en el  flujo de comunes,Validar que no se pueda agregar un nuevo registro porque no cumplen con las reglas definidas de negocio en el  flujo de comunes de Líneas ,Alta,Manual,Passed,Yaneisy
E35-C-02.2,BD1,Validar las reglas de negocio al agregar un registro en el  flujo de comunes,Validar que no se pueda agregar un nuevo registro porque no cumplen con las reglas definidas de negocio en el  flujo de comunes de Grupo Producto,Alta,Manual,Passed,Yaneisy
E35-C-02.3,BD1,Validar las reglas de negocio al agregar un registro en el  flujo de comunes,Validar que no se pueda agregar un nuevo registro porque no cumplen con las reglas definidas de negocio en el  flujo de comunes de Canales,Alta,Manual,Passed,Yaneisy
E35-C-02.4,BD1,Validar las reglas de negocio al agregar un registro en el  flujo de comunes,Validar que no se pueda agregar un nuevo registro porque no cumplen con las reglas definidas de negocio en el  flujo de comunes de Subcanales,Alta,Manual,Passed,Yaneisy
E35-C-02.5,BD1,Validar las reglas de negocio al agregar un registro en el  flujo de comunes,Validar que no se pueda agregar un nuevo registro porque no cumplen con las reglas definidas de negocio en el  flujo de comunes de Configuración de Parches,Alta,Manual,Failed,Angel Farro
E35-C-03.1,BD1,Validar el formato y campos obligatorios del formulario en un nuevo registro en el  flujo de comunes,Validar que no se pueda agregar un nuevo registro por error de formato de los campos en el  flujo de comunes de Líneas ,Medio,Manual,Passed,Leidy
E35-C-03.2,BD1,Validar el formato y campos obligatorios del formulario en un nuevo registro en el  flujo de comunes,Validar que no se pueda agregar un nuevo registro por error de formato de los campos en el  flujo de comunes de Grupo Producto,Medio,Manual,Passed,Leidy
E35-C-03.3,BD1,Validar el formato y campos obligatorios del formulario en un nuevo registro en el  flujo de comunes,Validar que no se pueda agregar un nuevo registro por error de formato de los campos en el  flujo de comunes de Canales,Medio,Manual,Passed,Leidy
E35-C-03.4,BD1,Validar el formato y campos obligatorios del formulario en un nuevo registro en el  flujo de comunes,Validar que no se pueda agregar un nuevo registro por error de formato de los campos en el  flujo de comunes de Subcanales,Medio,Manual,Passed,Leidy
E35-C-03.5,BD1,Validar el formato y campos obligatorios del formulario en un nuevo registro en el  flujo de comunes,Validar que no se pueda agregar un nuevo registro por error de formato de los campos en el  flujo de comunes de Configuración de Parches,Medio,Manual,Passed,Yaneisy
E35-C-04.1,BD1,Validar que el sistema pueda agregar un nuevo registro pero al subir el archivo del periodo este se sobreescriba en el  flujo de comunes,Validar el correcto funcionamiento de sobreescribir un nuevo registro manual al cargar el archivo periodo en el  flujo de comunes de Líneas ,Medio,Manual,Passed,Leidy
E35-C-04.2,BD1,Validar que el sistema pueda agregar un nuevo registro pero al subir el archivo del periodo este se sobreescriba en el  flujo de comunes,Validar el correcto funcionamiento de agregar un nuevo registro en el  flujo de comunes de Grupo Producto,Medio,Manual,Passed,Leidy
E35-C-04.3,BD1,Validar que el sistema pueda agregar un nuevo registro pero al subir el archivo del periodo este se sobreescriba en el  flujo de comunes,Validar el correcto funcionamiento de agregar un nuevo registro en el  flujo de comunes de Canales,Medio,Manual,Passed,Leidy
E35-C-04.4,BD1,Validar que el sistema pueda agregar un nuevo registro pero al subir el archivo del periodo este se sobreescriba en el  flujo de comunes,Validar el correcto funcionamiento de agregar un nuevo registro en el  flujo de comunes de Subcanales,Medio,Manual,Passed,Leidy
E35-C-04.5,BD1,Validar que el sistema pueda agregar un nuevo registro pero al subir el archivo del periodo este se sobreescriba en el  flujo de comunes,Validar el correcto funcionamiento de agregar un nuevo registro en el  flujo de comunes de Configuración de Parches,Medio,Manual,Blocked,Esteban
E36-C-01.1,BD1,Validar que el sistema pueda editar un registro en el  flujo de comunes,Validar el correcto funcionamiento de editar un registro de Líneas en el  flujo de comunes ,Medio,Automatizada,Passed,Angel Farro
E36-C-01.2,BD1,Validar que el sistema pueda editar un registro en el  flujo de comunes,Validar el correcto funcionamiento de editar un registro de Grupo Producto en el  flujo de comunes ,Medio,Automatizada,Passed,Angel Farro
E36-C-01.3,BD1,Validar que el sistema pueda editar un registro en el  flujo de comunes,Validar el correcto funcionamiento de editar un registro de Canales en el  flujo de comunes ,Medio,Automatizada,Passed,Angel Farro
E36-C-01.4,BD1,Validar que el sistema pueda editar un registro en el  flujo de comunes,Validar el correcto funcionamiento de editar un registro de Subcanales en el  flujo de comunes ,Medio,Automatizada,Passed,Angel Farro
E36-C-01.5,BD1,Validar que el sistema pueda editar un registro en el  flujo de comunes,Validar el correcto funcionamiento de editar un registro de Configuración de Parches en el  flujo de comunes ,Medio,Automatizada,Failed,Angel Farro
E36-C-02.1,BD1,Validar las reglas de negocio al editar un registro en el  flujo de comunes,Validar que no se pueda editar un nuevo registro de Líneas porque no cumplen con las reglas definidas de negocio en el flujo de comunes ,Medio,Automatizada,Passed,Angel Farro
E36-C-02.2,BD1,Validar las reglas de negocio al editar un registro en el  flujo de comunes,Validar que no se pueda editar un nuevo registro de Grupo Producto porque no cumplen con las reglas definidas de negocio en el  flujo de comunes,Medio,Automatizada,Passed,Angel Farro
E36-C-02.3,BD1,Validar las reglas de negocio al editar un registro en el  flujo de comunes,,Medio,Automatizada,Passed,Angel Farro
E36-C-02.4,BD1,Validar las reglas de negocio al editar un registro en el  flujo de comunes,Validar que no se pueda editar un nuevo registro de Subcanales porque no cumplen con las reglas definidas de negocio en el  flujo de comunes ,Medio,Automatizada,Passed,Angel Farro
E36-C-02.5,BD1,Validar las reglas de negocio al editar un registro en el  flujo de comunes,Validar que no se pueda editar un nuevo registro de Configuración de Parches porque no cumplen con las reglas definidas de negocio en el  flujo de comunes  ,Medio,Automatizada,Blocked,Angel Farro
E36-C-03.1,BD1,Validar el formato y campos obligatorios del formulario al editar un registro en el  flujo de comunes,Validar que no se pueda editar un nuevo registro de Líneas por error de formato de los campos en el  flujo de comunes,Medio,Automatizada,Passed,Angel Farro
E36-C-03.2,BD1,Validar el formato y campos obligatorios del formulario al editar un registro en el  flujo de comunes,Validar que se pueda editar un nuevo registro de Grupo Producto por error de formato de los campos en el  flujo de comunes,Medio,Automatizada,Passed,Angel Farro
E36-C-03.3,BD1,Validar el formato y campos obligatorios del formulario al editar un registro en el  flujo de comunes,Validar que se pueda editar un nuevo registro de Canales por error de formato de los campos en el  flujo de comunes,Medio,Automatizada,Passed,Angel Farro
E36-C-03.4,BD1,Validar el formato y campos obligatorios del formulario al editar un registro en el  flujo de comunes,Validar que se pueda editar un nuevo registro de Subcanales por error de formato de los campos en el  flujo de comunes,Medio,Automatizada,Passed,Angel Farro
E36-C-03.5,BD1,Validar el formato y campos obligatorios del formulario al editar un registro en el  flujo de comunes,Validar que se pueda editar un nuevo registro de Configuración de Parches por error de formato de los campos en el  flujo de comunes,Medio,Automatizada,Passed,Angel Farro
E37-C-01.2,BD1,Validar que el sistema pueda eliminar un registro en el  flujo de comunes,Validar el correcto funcionamiento de eliminar un registro de Líneas en el  flujo de comunes ,Medio,Automatizada,Passed,Angel Farro
E37-C-01.2,BD1,Validar que el sistema pueda eliminar un registro en el  flujo de comunes,Validar el correcto funcionamiento de eliminar un registro de Grupo Producto en el  flujo de comunes ,Medio,Automatizada,Passed,Angel Farro
E37-C-01.3,BD1,Validar que el sistema pueda eliminar un registro en el  flujo de comunes,Validar el correcto funcionamiento de eliminar un registro de Canales en el  flujo de comunes ,Medio,Automatizada,Passed,Angel Farro
E37-C-01.4,BD1,Validar que el sistema pueda eliminar un registro en el  flujo de comunes,Validar el correcto funcionamiento de eliminar un registro de Subcanales en el  flujo de comunes ,Medio,Automatizada,Passed,Angel Farro
E37-C-01.5,BD1,Validar que el sistema pueda eliminar un registro en el  flujo de comunes,Validar el correcto funcionamiento de eliminar un registro de Maestro UoA en el  flujo de comunes ,Medio,Automatizada,Passed,Angel Farro
E37-C-01.6,BD1,Validar que el sistema pueda eliminar un registro en el  flujo de comunes,Validar el correcto funcionamiento de eliminar un registro de Configuración de Parche en el  flujo de comunes ,Medio,Automatizada,Passed,Angel Farro
E37-C-02.1,BD1,Validar las reglas de negocio al eliminar un registro en el  flujo de comunes,Validar que no se pueda editar un nuevo registro porque no cumplen con las reglas definidas de negocio en el  flujo de comunes de Líneas ,Medio,Automatizada,Passed,Angel Farro
E37-C-02.2,BD1,Validar las reglas de negocio al eliminar un registro en el  flujo de comunes,Validar que no se pueda editar un nuevo registro porque no cumplen con las reglas definidas de negocio en el  flujo de comunes de Grupo Producto ,Medio,Automatizada,Passed,Angel Farro
E37-C-02.3,BD1,Validar las reglas de negocio al eliminar un registro en el  flujo de comunes,Validar que no se pueda editar un nuevo registro porque no cumplen con las reglas definidas de negocio en el  flujo de comunes de Canales,Medio,Automatizada,Passed,Angel Farro
E37-C-02.4,BD1,Validar las reglas de negocio al eliminar un registro en el  flujo de comunes,Validar que no se pueda editar un nuevo registro porque no cumplen con las reglas definidas de negocio en el  flujo de comunes de Subcanales,Medio,Automatizada,Passed,CAROlina
E37-C-02.5,BD1,Validar las reglas de negocio al eliminar un registro en el  flujo de comunes,Validar que no se pueda editar un nuevo registro porque no cumplen con las reglas definidas de negocio en el  flujo de comunes de Maestro UoA,Medio,Automatizada,Passed,Angel Farro
E37-C-02.6,BD1,Validar las reglas de negocio al eliminar un registro en el  flujo de comunes,Validar que no se pueda editar un nuevo registro porque no cumplen con las reglas definidas de negocio en el  flujo de comunes de Configuración de Parches,Medio,Automatizada,Failed,Angel Farro
E56-C-01.1,BD1,Validar el funcionamiento integral del paginador en el  flujo de comunes,Validar el correcto funcionamiento de los elementos del paginador en el  flujo de comunes,Baja,Automatizada,Passed,Angel Farro
E60-C-01.1,BD1,Validar el funcionamiento del boton ver más columnas en el  flujo de comunes,Validar el correcto funcionamiento de botón ver más columnas  en el  flujo de comunes de Maestro UoA,Baja,Manual,Passed,Carolina
E60-C-01.2,BD1,Validar el funcionamiento del boton ver más columnas en el  flujo de comunes,Validar el correcto funcionamiento del buscador del componente columnas en el  flujo de comunes de Maestro UoA,Baja,Manual,Passed,Carolina
E60-C-01.3,BD1,Validar el funcionamiento del boton ver más columnas en el  flujo de comunes,Validar el correcto funcionamiento de la opción 'Mostrar todas'' del componente columnas en el  flujo de comunes de Maestro UoA,Baja,Manual,Passed,Carolina
E60-C-01.4,BD1,Validar el funcionamiento del boton ver más columnas en el  flujo de comunes,Validar el correcto funcionamiento de la opción''Ocultar todas'' del componente columnas en el  flujo de comunes de Maestro UoA,Baja,Manual,Passed,Carolina
E60-C-01.5,BD1,Validar el funcionamiento del boton ver más columnas en el  flujo de comunes,Validar el correcto funcionamiento de la selección de columnas por defecto del componente columnas en el  flujo de comunes de Maestro UoA,Baja,Manual,Passed,Carolina
E60-C-02.1,BD1,Validar el funcionamiento del boton ver más columnas en el  flujo de comunes,Validar el correcto funcionamiento de botón ver más columnas  en el  flujo de comunes de Unidades de Cuenta - BBA/VFA,Baja,Manual,Passed,Carolina
E60-C-02.2,BD1,Validar el funcionamiento del boton ver más columnas en el  flujo de comunes,Validar el correcto funcionamiento del buscador del componente columnas en el  flujo de comunes de Unidades de Cuenta - BBA/VFA,Medio,Manual,Passed,Carolina
E60-C-02.3,BD1,Validar el funcionamiento del boton ver más columnas en el  flujo de comunes,Validar el correcto funcionamiento de la opción 'Mostrar todas'' del componente columnas en el  flujo de comunes de Unidades de Cuenta - BBA/VFA,Medio,Manual,Passed,Carolina
E60-C-02.4,BD1,Validar el funcionamiento del boton ver más columnas en el  flujo de comunes,Validar el correcto funcionamiento de la opción''Ocultar todas'' del componente columnas en el  flujo de comunes de Unidades de Cuenta - BBA/VFA,Medio,Manual,Passed,Carolina
E60-C-02.5,BD1,Validar el funcionamiento del boton ver más columnas en el  flujo de comunes,Validar el correcto funcionamiento de la selección de columnas por defecto del componente columnas en el  flujo de comunes de Unidades de Cuenta - BBA/VFA,Medio,Manual,Passed,Carolina
E62-ERROR-01,BD1,Validar el correcto tratamiento de errores propois del sistema,Validar el tratamiento de errores ante una falla en la carga del archivo,Medio,Manual,N/A,Yaneisy
E62-ERROR-02,BD1,Validar el correcto tratamiento de errores propios del sistema,Validar el tratamiento de errores al descargar un archivo de comunes,Medio,Manual,Passed,Carolina
E62-ERROR-03,BD1,Validar el correcto tratamiento de errores propois del sistema,Validar el tratamiento de errores al agregar un Registro,Medio,Manual,Passed,Yaneisy
E62-ERROR-04,BD1,Validar el correcto tratamiento de errores propois del sistema,Validar el tratamiento de errores al realizar una consulta. ,Medio,Manual,Passed,Carolina
E62-ERROR-05,BD1,Validar el correcto tratamiento de errores propois del sistema,Validar el tratamiento de errores al fallar el pipeline durante la carga de un archivo,Medio,Manual,N/A,Yaneisy
E63-BUS-01,BD1,Validar el funcionamiento integral del buscador en la vista de distribución,Validar el correcto funcionamiento del buscador en la vista de distribución o en las vistas de la sección Comunes,Alta,Automatizada,Passed,Angel Farro
E18,BD1,Validar el Tiempo de procesamiento de la vista de inicio ,Tiempo de carga de la página de Inicio,Medio,,To Do,Yaimara Guerra
E18-GG-01.1,BD1,Validar el Tiempo de procesamiento de la vista de Parametrización de Gastos Generales,Tiempo de carga de la página Cuentas contables de Gastos Generales/Parametrización,Medio,,To Do,Yaimara Guerra
E18-GG-01.2,BD1,Validar el Tiempo de procesamiento de la vista de Parametrización de Gastos Generales,Tiempo de carga de la página Cuentas contables/Catálogos de Gastos Generales/Parametrización,Medio,,To Do,Yaimara Guerra
E18-GG-01.3,BD1,Validar el Tiempo de procesamiento de la vista de Parametrización de Gastos Generales,Tiempo de carga de la página Partidas de Gastos Generales/Parametrización,Medio,,To Do,Yaimara Guerra
E18-GG-01.4,BD1,Validar el Tiempo de procesamiento de la vista de Parametrización de Gastos Generales,Tiempo de carga de la página Partidas-Catálogo de Gastos Generales/Parametrización,Medio,,To Do,Yaimara Guerra
E18-GG-01.5,BD1,Validar el Tiempo de procesamiento de la vista de Parametrización de Gastos Generales,Tiempo de carga de la página Centros de costo de Gastos Generales/Parametrización,Medio,,To Do,Yaimara Guerra
E18-GG-01.6,BD1,Validar el Tiempo de procesamiento de la vista de Parametrización de Gastos Generales,Tiempo de carga de la página Centros de costo-Catálogo de Gastos Generales/Parametrización,Medio,,To Do,Yaimara Guerra
E18-GG-01.7,BD1,Validar el Tiempo de procesamiento de la vista de Parametrización de Gastos Generales,Tiempo de carga de la página Líneas-Catálogo de Gastos Generales/Parametrización,Medio,,To Do,Yaimara Guerra
E18-GG-01.8,BD1,Validar el Tiempo de procesamiento de la vista de Parametrización de Gastos Generales,Tiempo de carga de la página Productos de Gastos Generales/Parametrización,Medio,,To Do,Yaimara Guerra
E18-GG-01.9,BD1,Validar el Tiempo de procesamiento de la vista de Parametrización de Gastos Generales,Tiempo de carga de la página Productos-Catálogo de Gastos Generales/Parametrización,Medio,,To Do,Yaimara Guerra
E18-GG-01.10,BD1,Validar el Tiempo de procesamiento de la vista de Parametrización de Gastos Generales,Tiempo de carga de la página Canales de Gastos Generales/Parametrización,Medio,,To Do,Yaimara Guerra
E18-GG-01.11,BD1,Validar el Tiempo de procesamiento de la vista de Parametrización de Gastos Generales,Tiempo de carga de la página Subcanales de Gastos Generales/Parametrización,Medio,,To Do,Yaimara Guerra
E18-GG-01.12,BD1,Validar el Tiempo de procesamiento de la vista de Parametrización de Gastos Generales,Tiempo de carga de la página Subcanales-Catálogo de Gastos Generales/Parametrización,Medio,,To Do,Yaimara Guerra
E18-GG-01.13,BD1,Validar el Tiempo de procesamiento de la vista de Parametrización de Gastos Generales,Tiempo de carga de la página Unidades de Cuenta de Gastos Generales/Parametrización,Medio,,To Do,Yaimara Guerra
E18-GG-02.1,BD1,Validar el Tiempo de procesamiento de la vista de Aprovisionamiento de Gastos Generales,Tiempo de carga de la página Exactus de Gastos Generales/Aprovisionamiento,Medio,,To Do,Yaimara Guerra
E18-GG-02.2,BD1,Validar el Tiempo de procesamiento de la vista de Aprovisionamiento de Gastos Generales,Tiempo de carga de la página Detalle de Gastos Generales/Aprovisionamiento,Medio,,To Do,Yaimara Guerra
E18-GG-02.3,BD1,Validar el Tiempo de procesamiento de la vista de Aprovisionamiento de Gastos Generales,Tiempo de carga de la página Drivers- Centro de Costos de Gastos Generales/Aprovisionamiento,Medio,,To Do,Yaimara Guerra
E18-GG-02.4,BD1,Validar el Tiempo de procesamiento de la vista de Aprovisionamiento de Gastos Generales,Tiempo de carga de la página Drivers- Objetos de Costos de Gastos Generales/Aprovisionamiento,Medio,,To Do,Yaimara Guerra
E18-GG-02.5,BD1,Validar el Tiempo de procesamiento de la vista de Aprovisionamiento de Gastos Generales,Tiempo de carga de la página Unidades de Cuenta-PAA de Gastos Generales/Aprovisionamiento,Medio,,To Do,Yaimara Guerra
E18-GG-02.6,BD1,Validar el Tiempo de procesamiento de la vista de Aprovisionamiento de Gastos Generales,Tiempo de carga de la página Unidades de Cuenta-BBA y VFA-Pacífico de Gastos Generales/Aprovisionamiento,Medio,,To Do,Yaimara Guerra
E18-GG-02.7,BD1,Validar el Tiempo de procesamiento de la vista de Aprovisionamiento de Gastos Generales,Tiempo de carga de la página Asientos manuales de Gastos Generales/Aprovisionamiento,Medio,,To Do,Yaimara Guerra
E18-GG-02.8,BD1,Validar el Tiempo de procesamiento de la vista de Aprovisionamiento de Gastos Generales,Tiempo de carga de la página Unidades de cuenta- Asientos y GT de Gastos Generales/Aprovisionamiento,Medio,,To Do,Yaimara Guerra
E18-GG-02.9,BD1,Validar el Tiempo de procesamiento de la vista de Aprovisionamiento de Gastos Generales,Tiempo de carga de la página Configuración de Excepciones de Gastos Generales/Aprovisionamiento,Medio,,To Do,Yaimara Guerra
E18-GG-02.10,BD1,Validar el Tiempo de procesamiento de la vista de Aprovisionamiento de Gastos Generales,Tiempo de carga de la página Redistribución Ingreso Financiero GG-GF de Gastos Generales/Aprovisionamiento,Medio,,To Do,Yaimara Guerra
E18-GG-03.1,BD1,Validar el Tiempo de procesamiento de la vista de Asignaciones de Gastos Generales,Tiempo de carga de la página Redistribución Asignaciones de Driver de Centros a Bolsas de Gastos Generales/Asignaciones,Medio,,To Do,Yaimara Guerra
E18-GG-03.2,BD1,Validar el Tiempo de procesamiento de la vista de Asignaciones de Gastos Generales,Tiempo de carga de la página Asignaciones de Driver a Entidades de Gastos Generales/Asignaciones,Medio,,To Do,Yaimara Guerra
E18-GG-03.3,BD1,Validar el Tiempo de procesamiento de la vista de Asignaciones de Gastos Generales,Tiempo de carga de la página Asignaciones de Drivers Objetos de Gastos Generales/Asignaciones,Medio,,To Do,Yaimara Guerra
E18-GG-03.4,BD1,Validar el Tiempo de procesamiento de la vista de Asignaciones de Gastos Generales,Tiempo de carga de la página Asignaciones Especiales Niif de Gastos Generales/Asignaciones,Medio,,To Do,Yaimara Guerra
E18-GG-03.5,BD1,Validar el Tiempo de procesamiento de la vista de Asignaciones de Gastos Generales,Tiempo de carga de la página Asignaciones de Lineas Niif de Gastos Generales/Asignaciones,Medio,,To Do,Yaimara Guerra
E18-GG-03.6,BD1,Validar el Tiempo de procesamiento de la vista de Asignaciones de Gastos Generales,Tiempo de carga de la página Asignaciones de Cuenta Concepto de Gastos Generales/Asignaciones,Medio,,To Do,Yaimara Guerra
E18-GG-03.7,BD1,Validar el Tiempo de procesamiento de la vista de los Procesos de Gastos Generales,Tiempo de carga de la página Gastos generales de Gastos Generales/Procesos,Medio,,To Do,Yaimara Guerra
E18-GG-03.8,BD1,Validar el Tiempo de procesamiento de la vista de los Procesos de Gastos Generales,Tiempo de carga de la página Asientos manuales de Gastos Generales/Procesos,Medio,,To Do,Yaimara Guerra
E18-GF-01.1,BD1,Validar el Tiempo de procesamiento de la vista de Parametrización de Gastos Financieros,Tiempo de carga de la página Conceptos de Gastos Financieros/Parametrización,Medio,,To Do,Yaimara Guerra
E18-GF-01.2,BD1,Validar el Tiempo de procesamiento de la vista de Parametrización de Gastos Financieros,Tiempo de carga de la página Cuentas contables de Gastos Financieros/Parametrización,Medio,,To Do,Yaimara Guerra
E18-GF-01.3,BD1,Validar el Tiempo de procesamiento de la vista de Parametrización de Gastos Financieros,Tiempo de carga de la página Cuentas contables/Catálogos de Gastos Financieros/Parametrización,Medio,,To Do,Yaimara Guerra
E18-GF-01.4,BD1,Validar el Tiempo de procesamiento de la vista de Parametrización de Gastos Financieros,Tiempo de carga de la página Líneas-Catálogo de Gastos Financieros/Parametrización,Medio,,To Do,Yaimara Guerra
E18-GF-01.5,BD1,Validar el Tiempo de procesamiento de la vista de Parametrización de Gastos Financieros,Tiempo de carga de la página Productos de Gastos Financieros/Parametrización,Medio,,To Do,Yaimara Guerra
E18-GF-01.6,BD1,Validar el Tiempo de procesamiento de la vista de Parametrización de Gastos Financieros,Tiempo de carga de la página Productos-Catálogo de Gastos Financieros/Parametrización,Medio,,To Do,Yaimara Guerra
E18-GF-01.7,BD1,Validar el Tiempo de procesamiento de la vista de Parametrización de Gastos Financieros,Tiempo de carga de la página Canales de Gastos Financieros/Parametrización,Medio,,To Do,Yaimara Guerra
E18-GF-01.8,BD1,Validar el Tiempo de procesamiento de la vista de Parametrización de Gastos Financieros,Tiempo de carga de la página Subcanales de Gastos Financieros/Parametrización,Medio,,To Do,Yaimara Guerra
E18-GF-01.9,BD1,Validar el Tiempo de procesamiento de la vista de Parametrización de Gastos Financieros,Tiempo de carga de la página Subcanales-Catálogo de Gastos Financieros/Parametrización,Medio,,To Do,Yaimara Guerra
E18-GF-01.10,BD1,Validar el Tiempo de procesamiento de la vista de Parametrización de Gastos Financieros,Tiempo de carga de la página Centros de costo de Gastos Financieros/Parametrización,Medio,,To Do,Yaimara Guerra
E18-GF-01.11,BD1,Validar el Tiempo de procesamiento de la vista de Parametrización de Gastos Financieros,Tiempo de carga de la página Centros de costo-Catálogo de Gastos Financieros/Parametrización,Medio,,To Do,Yaimara Guerra
E18-GF-01.12,BD1,Validar el Tiempo de procesamiento de la vista de Parametrización de Gastos Financieros,Tiempo de carga de la página Unidades de Cuenta de Gastos Financieros/Parametrización,Medio,,To Do,Yaimara Guerra
E18-GF-02.1,BD1,Validar el Tiempo de procesamiento de la vista de aprovisionamiento de Gastos Financieros,Tiempo de carga de la página Exactus de Gastos Financieros/Aprovisionamiento,Medio,,To Do,Yaimara Guerra
E18-GF-02.1.1,BD1,Validar el Tiempo de procesamiento de la vista de aprovisionamiento de Gastos Financieros,Tiempo de carga de la página Exactus de Gastos Financieros/Aprovisionamiento,Medio,,To Do,Yaimara Guerra
E18-GF-02.2,BD1,Validar el Tiempo de procesamiento de la vista de aprovisionamiento de Gastos Financieros,Tiempo de carga de la página Drivers - Productos de Gastos Financieros/Aprovisionamiento,Medio,,To Do,Yaimara Guerra
E18-GF-02.3,BD1,Validar el Tiempo de procesamiento de la vista de aprovisionamiento de Gastos Financieros,Tiempo de carga de la página Drivers - Subcanales de Gastos Financieros/Aprovisionamiento,Medio,,To Do,Yaimara Guerra
E18-GF-02.4,BD1,Validar el Tiempo de procesamiento de la vista de aprovisionamiento de Gastos Financieros,Tiempo de carga de la página Drivers - CC Vida de Gastos Financieros/Aprovisionamiento,Medio,,To Do,Yaimara Guerra
E18-GF-02.5,BD1,Validar el Tiempo de procesamiento de la vista de aprovisionamiento de Gastos Financieros,Tiempo de carga de la página Unidades de Cuenta - PAA de Gastos Financieros/Aprovisionamiento,Medio,,To Do,Yaimara Guerra
E18-GF-02.6,BD1,Validar el Tiempo de procesamiento de la vista de aprovisionamiento de Gastos Financieros,Tiempo de carga de la página Unidades de Cuenta - BBA y VFA - Pacífico de Gastos Financieros/Aprovisionamiento,Medio,,To Do,Yaimara Guerra
E18-GF-02.7,BD1,Validar el Tiempo de procesamiento de la vista de aprovisionamiento de Gastos Financieros,Tiempo de carga de la página Configuración de Excepciones de Gastos Financieros/Aprovisionamiento,Medio,,To Do,Yaimara Guerra
E18-GF-02.8,BD1,Validar el Tiempo de procesamiento de la vista de aprovisionamiento de Gastos Financieros,Tiempo de carga de la página Redistribución Ingreso Financiero GG - GF de Gastos Financieros/Aprovisionamiento,Medio,,To Do,Yaimara Guerra
E18-GF-03.1,BD1,Validar el Tiempo de procesamiento de la vista de Asignaciones de Gastos Financieros,Tiempo de carga de la página Asignaciones Especiales Niif de Gastos Financieros/Asignaciones,Medio,,To Do,Yaimara Guerra
E18-GF-03.2,BD1,Validar el Tiempo de procesamiento de la vista de Asignaciones de Gastos Financieros,Tiempo de carga de la página Asignaciones de Cuenta Concepto de Gastos Financieros/Asignaciones,Medio,,To Do,Yaimara Guerra
E18-GF-03.3,BD1,Validar el Tiempo de procesamiento de la vista de los procesos de Gastos Financieros,Tiempo de carga de la página Procesos Gastos Financieros de Gastos Financieros/Procesos,Medio,,To Do,Yaimara Guerra
E18-GT-01.1,BD1,Validar el Tiempo de procesamiento de la vista de Parametrización de Gastos Técnicos,Tiempo de carga de la página Ramos-Catálogo de Gastos Técnicos/Parametrización,Medio,,To Do,Yaimara Guerra
E18-GT-01.2,BD1,Validar el Tiempo de procesamiento de la vista de Parametrización de Gastos Técnicos,Tiempo de carga de la página Conceptos - Catálogo de Gastos Técnicos/Parametrización,Medio,,To Do,Yaimara Guerra
E18-GT-01.3,BD1,Validar el Tiempo de procesamiento de la vista de Parametrización de Gastos Técnicos,Tiempo de carga de la página Cuentas Contables de Gastos Técnicos/Parametrización,Medio,,To Do,Yaimara Guerra
E18-GT-01.4,BD1,Validar el Tiempo de procesamiento de la vista de Parametrización de Gastos Técnicos,Tiempo de carga de la página Cuentas Contables - Catálogo de Gastos Técnicos/Parametrización,Medio,,To Do,Yaimara Guerra
E18-GT-01.5,BD1,Validar el Tiempo de procesamiento de la vista de Parametrización de Gastos Técnicos,Tiempo de carga de la página Líneas - Catálogo de Gastos Técnicos/Parametrización,Medio,,To Do,Yaimara Guerra
E18-GT-01.6,BD1,Validar el Tiempo de procesamiento de la vista de Parametrización de Gastos Técnicos,Tiempo de carga de la página Productos de Gastos Técnicos/Parametrización,Medio,,To Do,Yaimara Guerra
E18-GT-01.7,BD1,Validar el Tiempo de procesamiento de la vista de Parametrización de Gastos Técnicos,Tiempo de carga de la página Productos - Catálogo de Gastos Técnicos/Parametrización,Medio,,To Do,Yaimara Guerra
E18-GT-01.8,BD1,Validar el Tiempo de procesamiento de la vista de Parametrización de Gastos Técnicos,Tiempo de carga de la página Canales- Catálogo de Gastos Técnicos/Parametrización,Medio,,To Do,Yaimara Guerra
E18-GT-01.9,BD1,Validar el Tiempo de procesamiento de la vista de Parametrización de Gastos Técnicos,Tiempo de carga de la página Subcanales de Gastos Técnicos/Parametrización,Medio,,To Do,Yaimara Guerra
E18-GT-01.10,BD1,Validar el Tiempo de procesamiento de la vista de Parametrización de Gastos Técnicos,Tiempo de carga de la página Subcanales - Catálogo de Gastos Técnicos/Parametrización,Medio,,To Do,Yaimara Guerra
E18-GT-01.11,BD1,Validar el Tiempo de procesamiento de la vista de Parametrización de Gastos Técnicos,Tiempo de carga de la página UoA de Gastos Técnicos/Parametrización,Medio,,To Do,Yaimara Guerra
E18-GT-02.1,BD1,Validar el Tiempo de procesamiento de la vista de aprovisionamiento de Gastos Técnicos,Tiempo de carga de la página Exactus de Gastos Técnicos/Aprovisionamiento,Medio,,To Do,Yaimara Guerra
E18-GT-02.2,BD1,Validar el Tiempo de procesamiento de la vista de aprovisionamiento de Gastos Técnicos,Tiempo de carga de la página Drivers - Productos de Gastos Técnicos/Aprovisionamiento,Medio,,To Do,Yaimara Guerra
E18-GT-02.3,BD1,Validar el Tiempo de procesamiento de la vista de aprovisionamiento de Gastos Técnicos,Tiempo de carga de la página Drivers - Subcanales de Gastos Técnicos/Aprovisionamiento,Medio,,To Do,Yaimara Guerra
E18-GT-02.4,BD1,Validar el Tiempo de procesamiento de la vista de aprovisionamiento de Gastos Técnicos,Tiempo de carga de la página Unidades de cuenta - Asientos y GT de Gastos Técnicos/Aprovisionamiento,Medio,,To Do,Yaimara Guerra
E18-GT-02.5,BD1,Validar el Tiempo de procesamiento de la vista de aprovisionamiento de Gastos Técnicos,Tiempo de carga de la página Unidades de Cuenta - PAA de Gastos Técnicos/Aprovisionamiento,Medio,,To Do,Yaimara Guerra
E18-GT-02.6,BD1,Validar el Tiempo de procesamiento de la vista de aprovisionamiento de Gastos Técnicos,Tiempo de carga de la página Unidades de Cuenta - BBA y VFA - Pacífico de Gastos Técnicos/Aprovisionamiento,Medio,,To Do,Yaimara Guerra
E18-GT-02.7,BD1,Validar el Tiempo de procesamiento de la vista de aprovisionamiento de Gastos Técnicos,Tiempo de carga de la página Configuración de Excepciones de Gastos Técnicos/Aprovisionamiento,Medio,,To Do,Yaimara Guerra
E18-GT-02.8,BD1,Validar el Tiempo de procesamiento de la vista de aprovisionamiento de Gastos Técnicos,Tiempo de carga de la página Redistribución Ingreso Financiero GG - GF de Gastos Técnicos/Aprovisionamiento,Medio,,To Do,Yaimara Guerra
E18-GT-03.1,BD1,Validar el Tiempo de procesamiento de la vista de Asignaciones de Gastos Técnicos,Tiempo de carga de la página Asignaciones Especiales Niif de Gastos Técnicos/Asignaciones,Medio,,To Do,Yaimara Guerra
E18-GT-03.2,BD1,Validar el Tiempo de procesamiento de la vista de Asignaciones de Gastos Técnicos,Tiempo de carga de la página Asignaciones de Cuenta Concepto de Gastos Técnicos/Asignaciones,Medio,,To Do,Yaimara Guerra
E18-GT-03.3,BD1,Validar el Tiempo de procesamiento de la vista de Asignaciones de Gastos Técnicos,Tiempo de carga de la página Asignaciones de Metodos Subcanal de Gastos Técnicos/Asignaciones,Medio,,To Do,Yaimara Guerra
E18-GT-03.4,BD1,Validar el Tiempo de procesamiento de la vista de los Procesos de Gastos Técnicos,Tiempo de carga de la página Procesos Gastos Técnicos de Gastos Técnicos/Procesos,Medio,,To Do,Yaimara Guerra
